{
  "mae": 2.2167774410543726,
  "rmse": 3.0508538829503036,
  "r2": 0.5502476513959962,
  "cv_mae_mean": 2.2327557233914708,
  "cv_mae_std": 0.08367918564763417,
  "std_residuals": 3.050552219438205
}