{
  "mae": 2.2167773946484997,
  "rmse": 3.0508538546798083,
  "r2": 0.5502476597311851,
  "cv_mae_mean": 2.23275572877376,
  "cv_mae_std": 0.08367918079300153,
  "std_residuals": 3.0505521893015892
}