{
  "3m": {
    "auc_roc": 0.8260121462395611,
    "f1": 0.8636668905305575,
    "precision": 0.8243589743589743,
    "recall": 0.9069111424541608,
    "cv_auc_mean": 0.8238244492970682,
    "best_params": {
      "n_estimators": 342,
      "max_depth": 3,
      "learning_rate": 0.013621375720643043,
      "subsample": 0.8690486070628148,
      "colsample_bytree": 0.8367043317452048,
      "min_child_weight": 4,
      "gamma": 0.12549457988300455,
      "use_label_encoder": false,
      "eval_metric": "auc",
      "random_state": 42
    }
  },
  "6m": {
    "auc_roc": 0.8910386361750304,
    "f1": 0.9536987759446514,
    "precision": 0.9218106995884774,
    "recall": 0.9878721058434399,
    "cv_auc_mean": 0.8940931044433551,
    "best_params": {
      "n_estimators": 369,
      "max_depth": 3,
      "learning_rate": 0.013356909945373696,
      "subsample": 0.8214511076790695,
      "colsample_bytree": 0.7824503433767731,
      "min_child_weight": 5,
      "gamma": 0.08144997673802465,
      "use_label_encoder": false,
      "eval_metric": "auc",
      "random_state": 42
    }
  },
  "12m": {
    "auc_roc": 0.9255437813720021,
    "f1": 0.988342625443487,
    "precision": 0.9798994974874372,
    "recall": 0.9969325153374233,
    "cv_auc_mean": 0.9391193327913508,
    "best_params": {
      "n_estimators": 392,
      "max_depth": 4,
      "learning_rate": 0.013490586151880047,
      "subsample": 0.7253832698668397,
      "colsample_bytree": 0.816731983391197,
      "min_child_weight": 2,
      "gamma": 0.19987804032385195,
      "use_label_encoder": false,
      "eval_metric": "auc",
      "random_state": 42
    }
  }
}