{
  "3m": {
    "auc_roc": 0.8262060207736563,
    "f1": 0.8594377510040161,
    "precision": 0.8178343949044586,
    "recall": 0.9055007052186178,
    "cv_auc_mean": 0.823586277170452,
    "best_params": {
      "n_estimators": 315,
      "max_depth": 3,
      "learning_rate": 0.012514752817891316,
      "subsample": 0.744751216714302,
      "colsample_bytree": 0.8138579852866672,
      "min_child_weight": 2,
      "gamma": 0.01728852330730604,
      "use_label_encoder": false,
      "eval_metric": "auc",
      "random_state": 42
    }
  },
  "6m": {
    "auc_roc": 0.8888809854062193,
    "f1": 0.9542553191489361,
    "precision": 0.9218910585817061,
    "recall": 0.9889746416758545,
    "cv_auc_mean": 0.8950493029080674,
    "best_params": {
      "n_estimators": 227,
      "max_depth": 3,
      "learning_rate": 0.013392548681978653,
      "subsample": 0.7877810521592208,
      "colsample_bytree": 0.862954563146942,
      "min_child_weight": 2,
      "gamma": 0.13075436431809329,
      "use_label_encoder": false,
      "eval_metric": "auc",
      "random_state": 42
    }
  },
  "12m": {
    "auc_roc": 0.9263803680981595,
    "f1": 0.9888663967611336,
    "precision": 0.9789579158316634,
    "recall": 0.9989775051124744,
    "cv_auc_mean": 0.9386024418768288,
    "best_params": {
      "n_estimators": 178,
      "max_depth": 4,
      "learning_rate": 0.018348027236217607,
      "subsample": 0.859994987579389,
      "colsample_bytree": 0.7035861746398405,
      "min_child_weight": 1,
      "gamma": 0.10419750354560302,
      "use_label_encoder": false,
      "eval_metric": "auc",
      "random_state": 42
    }
  }
}