{
  "3m": {
    "auc_roc": 0.8267367523107422,
    "f1": 0.8632707774798928,
    "precision": 0.822477650063857,
    "recall": 0.9083215796897038,
    "cv_auc_mean": 0.8237547646928473,
    "best_params": {
      "n_estimators": 241,
      "max_depth": 3,
      "learning_rate": 0.015887710513874224,
      "subsample": 0.77284514941166,
      "colsample_bytree": 0.7919461307730764,
      "min_child_weight": 4,
      "gamma": 0.1357048874234666,
      "use_label_encoder": false,
      "eval_metric": "auc",
      "random_state": 42
    }
  },
  "6m": {
    "auc_roc": 0.8888157816741947,
    "f1": 0.9536987759446514,
    "precision": 0.9218106995884774,
    "recall": 0.9878721058434399,
    "cv_auc_mean": 0.8935311074477189,
    "best_params": {
      "n_estimators": 185,
      "max_depth": 3,
      "learning_rate": 0.03416698326620536,
      "subsample": 0.8909194138574075,
      "colsample_bytree": 0.7500513409354385,
      "min_child_weight": 4,
      "gamma": 0.13937573139007767,
      "use_label_encoder": false,
      "eval_metric": "auc",
      "random_state": 42
    }
  },
  "12m": {
    "auc_roc": 0.922708681911136,
    "f1": 0.9878296146044625,
    "precision": 0.9798792756539235,
    "recall": 0.9959100204498977,
    "cv_auc_mean": 0.9393194340468564,
    "best_params": {
      "n_estimators": 135,
      "max_depth": 3,
      "learning_rate": 0.03876544942803096,
      "subsample": 0.8435050163729995,
      "colsample_bytree": 0.8351764712717084,
      "min_child_weight": 1,
      "gamma": 1.494603654124127e-05,
      "use_label_encoder": false,
      "eval_metric": "auc",
      "random_state": 42
    }
  }
}